ID,DataRow ID,Labeled Data,Label,Created By,Project Name,Created At,Updated At,Seconds to Label,External ID,Agreement,Benchmark Agreement,Benchmark ID,Benchmark Reference ID,Dataset Name,Reviews,View Label,Has Open Issues
ckmehncde000230698ir6sh4f,ckmehi5hy0tp80rdpg3sf7guy,https://storage.labelbox.com/ckmeafy6i091u08483ooycubu%2Fc1d1e414-0c1c-fed4-06d0-be296db74861-IMG20210317211809.jpg?Expires=1617267586906&KeyName=labelbox-assets-key-1&Signature=TcFyMSnvXx--OFdod7vmb540Atw,"{""objects"":[{""featureId"":""ckmehmt3000003069lkjp4c2r"",""schemaId"":""ckmehlqhb0a6j0y7e82wedgkf"",""title"":""cutter"",""value"":""cutter"",""color"":""#1CE6FF"",""instanceURI"":""https://api.labelbox.com/masks/feature/ckmehmt3000003069lkjp4c2r?token=eyJhbGciOiJIUzI1NiIsInR5cCI6IkpXVCJ9.eyJ1c2VySWQiOiJja21lYWZ5NnlwNDFzMDc4OW44bnJvcndnIiwib3JnYW5pemF0aW9uSWQiOiJja21lYWZ5NmkwOTF1MDg0ODNvb3ljdWJ1IiwiaWF0IjoxNjE2MDU3OTg2LCJleHAiOjE2MTg2NDk5ODZ9.BKmAPK55MtbHBZAgqmEBrlfq57CsDHRMLPrdtiYTO0M""}],""classifications"":[]}",rizqipangestu@mail.ugm.ac.id,Cutter,1616048662000,1616048766000,34.102000000000004,IMG20210317211809.jpg,-1,-1,,,dataset_cutter,[],https://editor.labelbox.com?project=ckmeapslvgj800731ykk3egdk&label=ckmehncde000230698ir6sh4f,0
ckmehnvi500053069urhzuixn,ckmehi5hy0tpk0rdp8vpxh562,https://storage.labelbox.com/ckmeafy6i091u08483ooycubu%2F33c5f5a3-f84b-8b5c-4b02-03a896c20b27-IMG20210317211820.jpg?Expires=1617267586915&KeyName=labelbox-assets-key-1&Signature=xhelq1yExDeUO9k6uvY8FUKxgcg,"{""objects"":[{""featureId"":""ckmehnew80003306967tagsx0"",""schemaId"":""ckmehlqhb0a6j0y7e82wedgkf"",""title"":""cutter"",""value"":""cutter"",""color"":""#1CE6FF"",""instanceURI"":""https://api.labelbox.com/masks/feature/ckmehnew80003306967tagsx0?token=eyJhbGciOiJIUzI1NiIsInR5cCI6IkpXVCJ9.eyJ1c2VySWQiOiJja21lYWZ5NnlwNDFzMDc4OW44bnJvcndnIiwib3JnYW5pemF0aW9uSWQiOiJja21lYWZ5NmkwOTF1MDg0ODNvb3ljdWJ1IiwiaWF0IjoxNjE2MDU3OTg2LCJleHAiOjE2MTg2NDk5ODZ9.BKmAPK55MtbHBZAgqmEBrlfq57CsDHRMLPrdtiYTO0M""}],""classifications"":[]}",rizqipangestu@mail.ugm.ac.id,Cutter,1616048687000,1616048770000,22.156,IMG20210317211820.jpg,-1,-1,,,dataset_cutter,[],https://editor.labelbox.com?project=ckmeapslvgj800731ykk3egdk&label=ckmehnvi500053069urhzuixn,0
ckmehod5o00083069s8f925gx,ckmehi5hy0tpw0rdp4dw6htro,https://storage.labelbox.com/ckmeafy6i091u08483ooycubu%2F87cba9df-908c-9214-f5dc-c847e0b90a15-IMG20210317211842.jpg?Expires=1617267586917&KeyName=labelbox-assets-key-1&Signature=z0vkB1gBULKB-rjGeiBW3QpyTaY,"{""objects"":[{""featureId"":""ckmeho0ho000630695qeyxc5j"",""schemaId"":""ckmehlqhb0a6j0y7e82wedgkf"",""title"":""cutter"",""value"":""cutter"",""color"":""#1CE6FF"",""instanceURI"":""https://api.labelbox.com/masks/feature/ckmeho0ho000630695qeyxc5j?token=eyJhbGciOiJIUzI1NiIsInR5cCI6IkpXVCJ9.eyJ1c2VySWQiOiJja21lYWZ5NnlwNDFzMDc4OW44bnJvcndnIiwib3JnYW5pemF0aW9uSWQiOiJja21lYWZ5NmkwOTF1MDg0ODNvb3ljdWJ1IiwiaWF0IjoxNjE2MDU3OTg2LCJleHAiOjE2MTg2NDk5ODZ9.BKmAPK55MtbHBZAgqmEBrlfq57CsDHRMLPrdtiYTO0M""}],""classifications"":[]}",rizqipangestu@mail.ugm.ac.id,Cutter,1616048710000,1616048774000,24.179000000000002,IMG20210317211842.jpg,-1,-1,,,dataset_cutter,[],https://editor.labelbox.com?project=ckmeapslvgj800731ykk3egdk&label=ckmehod5o00083069s8f925gx,0
ckmehowek000b30693221e61w,ckmehi5hy0tq80rdp3ssebp0j,https://storage.labelbox.com/ckmeafy6i091u08483ooycubu%2Fa0821530-ad78-7667-bfbb-3e0beacf7289-IMG20210317211900.jpg?Expires=1617267586918&KeyName=labelbox-assets-key-1&Signature=4oH8Ns-EPcSfI_Z__UOcQM4D4s8,"{""objects"":[{""featureId"":""ckmehogtu00093069a8bumnzp"",""schemaId"":""ckmehlqhb0a6j0y7e82wedgkf"",""title"":""cutter"",""value"":""cutter"",""color"":""#1CE6FF"",""instanceURI"":""https://api.labelbox.com/masks/feature/ckmehogtu00093069a8bumnzp?token=eyJhbGciOiJIUzI1NiIsInR5cCI6IkpXVCJ9.eyJ1c2VySWQiOiJja21lYWZ5NnlwNDFzMDc4OW44bnJvcndnIiwib3JnYW5pemF0aW9uSWQiOiJja21lYWZ5NmkwOTF1MDg0ODNvb3ljdWJ1IiwiaWF0IjoxNjE2MDU3OTg2LCJleHAiOjE2MTg2NDk5ODZ9.BKmAPK55MtbHBZAgqmEBrlfq57CsDHRMLPrdtiYTO0M""}],""classifications"":[]}",rizqipangestu@mail.ugm.ac.id,Cutter,1616048735000,1616048777091,20.685,IMG20210317211900.jpg,,-1,,,dataset_cutter,[],https://editor.labelbox.com?project=ckmeapslvgj800731ykk3egdk&label=ckmehowek000b30693221e61w,0
ckmehpcx9000e3069bsyy6pe0,ckmehi5hx0tn00rdphmftey6a,https://storage.labelbox.com/ckmeafy6i091u08483ooycubu%2F2037b066-b883-b9cc-4483-32e543be4ff7-IMG20210317211659.jpg?Expires=1617267586918&KeyName=labelbox-assets-key-1&Signature=hULtcqc8nGINyx-cKah7DT20SGY,"{""objects"":[{""featureId"":""ckmehozgb000c3069ss2za509"",""schemaId"":""ckmehlqhb0a6j0y7e82wedgkf"",""title"":""cutter"",""value"":""cutter"",""color"":""#1CE6FF"",""instanceURI"":""https://api.labelbox.com/masks/feature/ckmehozgb000c3069ss2za509?token=eyJhbGciOiJIUzI1NiIsInR5cCI6IkpXVCJ9.eyJ1c2VySWQiOiJja21lYWZ5NnlwNDFzMDc4OW44bnJvcndnIiwib3JnYW5pemF0aW9uSWQiOiJja21lYWZ5NmkwOTF1MDg0ODNvb3ljdWJ1IiwiaWF0IjoxNjE2MDU3OTg2LCJleHAiOjE2MTg2NDk5ODZ9.BKmAPK55MtbHBZAgqmEBrlfq57CsDHRMLPrdtiYTO0M""}],""classifications"":[]}",rizqipangestu@mail.ugm.ac.id,Cutter,1616048758000,1616048781000,22.242,IMG20210317211659.jpg,-1,-1,,,dataset_cutter,[],https://editor.labelbox.com?project=ckmeapslvgj800731ykk3egdk&label=ckmehpcx9000e3069bsyy6pe0,0
ckmehpscm000h3069eobchx7c,ckmehi5hy0tqk0rdp89ec9dht,https://storage.labelbox.com/ckmeafy6i091u08483ooycubu%2F0405d70a-5a45-8373-cd18-0d2a9d701e35-IMG20210317211913.jpg?Expires=1617267586919&KeyName=labelbox-assets-key-1&Signature=IVhV9koxHJlJVyhXQmKm0xcOhZk,"{""objects"":[{""featureId"":""ckmehphax000f30696njwhf7e"",""schemaId"":""ckmehlqhb0a6j0y7e82wedgkf"",""title"":""cutter"",""value"":""cutter"",""color"":""#1CE6FF"",""instanceURI"":""https://api.labelbox.com/masks/feature/ckmehphax000f30696njwhf7e?token=eyJhbGciOiJIUzI1NiIsInR5cCI6IkpXVCJ9.eyJ1c2VySWQiOiJja21lYWZ5NnlwNDFzMDc4OW44bnJvcndnIiwib3JnYW5pemF0aW9uSWQiOiJja21lYWZ5NmkwOTF1MDg0ODNvb3ljdWJ1IiwiaWF0IjoxNjE2MDU3OTg2LCJleHAiOjE2MTg2NDk5ODZ9.BKmAPK55MtbHBZAgqmEBrlfq57CsDHRMLPrdtiYTO0M""}],""classifications"":[]}",rizqipangestu@mail.ugm.ac.id,Cutter,1616048776000,1616048880000,18.389,IMG20210317211913.jpg,-1,-1,,,dataset_cutter,[],https://editor.labelbox.com?project=ckmeapslvgj800731ykk3egdk&label=ckmehpscm000h3069eobchx7c,0
ckmehq6z9000k306934g1o0ze,ckmehi5hx0tnc0rdpb1bjh745,https://storage.labelbox.com/ckmeafy6i091u08483ooycubu%2Ff623be61-c20c-5d39-ccfe-06da66891458-IMG20210317211710.jpg?Expires=1617267586920&KeyName=labelbox-assets-key-1&Signature=sV5frJretgQwGvZdKqaQ-TfQ5O4,"{""objects"":[{""featureId"":""ckmehpu96000i3069iwszooms"",""schemaId"":""ckmehlqhb0a6j0y7e82wedgkf"",""title"":""cutter"",""value"":""cutter"",""color"":""#1CE6FF"",""instanceURI"":""https://api.labelbox.com/masks/feature/ckmehpu96000i3069iwszooms?token=eyJhbGciOiJIUzI1NiIsInR5cCI6IkpXVCJ9.eyJ1c2VySWQiOiJja21lYWZ5NnlwNDFzMDc4OW44bnJvcndnIiwib3JnYW5pemF0aW9uSWQiOiJja21lYWZ5NmkwOTF1MDg0ODNvb3ljdWJ1IiwiaWF0IjoxNjE2MDU3OTg2LCJleHAiOjE2MTg2NDk5ODZ9.BKmAPK55MtbHBZAgqmEBrlfq57CsDHRMLPrdtiYTO0M""}],""classifications"":[]}",rizqipangestu@mail.ugm.ac.id,Cutter,1616048795000,1616048882428,17.994,IMG20210317211710.jpg,,-1,,,dataset_cutter,[],https://editor.labelbox.com?project=ckmeapslvgj800731ykk3egdk&label=ckmehq6z9000k306934g1o0ze,0
ckmehqlge000n3069evdeq4pf,ckmehi5hy0tqw0rdp8giogq32,https://storage.labelbox.com/ckmeafy6i091u08483ooycubu%2F96002bb2-1a23-dd89-e6b6-8fcd4c6f9f01-IMG20210317211954.jpg?Expires=1617267586920&KeyName=labelbox-assets-key-1&Signature=6f1XBm_3CU7KqqVTn-leyHFBaeQ,"{""objects"":[{""featureId"":""ckmehq8qz000l3069mwz6ic25"",""schemaId"":""ckmehlqhb0a6j0y7e82wedgkf"",""title"":""cutter"",""value"":""cutter"",""color"":""#1CE6FF"",""instanceURI"":""https://api.labelbox.com/masks/feature/ckmehq8qz000l3069mwz6ic25?token=eyJhbGciOiJIUzI1NiIsInR5cCI6IkpXVCJ9.eyJ1c2VySWQiOiJja21lYWZ5NnlwNDFzMDc4OW44bnJvcndnIiwib3JnYW5pemF0aW9uSWQiOiJja21lYWZ5NmkwOTF1MDg0ODNvb3ljdWJ1IiwiaWF0IjoxNjE2MDU3OTg2LCJleHAiOjE2MTg2NDk5ODZ9.BKmAPK55MtbHBZAgqmEBrlfq57CsDHRMLPrdtiYTO0M""}],""classifications"":[]}",rizqipangestu@mail.ugm.ac.id,Cutter,1616048815000,1616048885000,18.345,IMG20210317211954.jpg,-1,-1,,,dataset_cutter,[],https://editor.labelbox.com?project=ckmeapslvgj800731ykk3egdk&label=ckmehqlge000n3069evdeq4pf,0
ckmehr0is000q30697f9bfkzt,ckmehi5hx0tno0rdpfetd5npm,https://storage.labelbox.com/ckmeafy6i091u08483ooycubu%2Ff42a003e-a693-4d0b-df8b-70c90a081ffa-IMG20210317211718.jpg?Expires=1617267586920&KeyName=labelbox-assets-key-1&Signature=_4utyRAMR-cqo9o38jUHTOyefaU,"{""objects"":[{""featureId"":""ckmehqnh1000o30690m67hh7k"",""schemaId"":""ckmehlqhb0a6j0y7e82wedgkf"",""title"":""cutter"",""value"":""cutter"",""color"":""#1CE6FF"",""instanceURI"":""https://api.labelbox.com/masks/feature/ckmehqnh1000o30690m67hh7k?token=eyJhbGciOiJIUzI1NiIsInR5cCI6IkpXVCJ9.eyJ1c2VySWQiOiJja21lYWZ5NnlwNDFzMDc4OW44bnJvcndnIiwib3JnYW5pemF0aW9uSWQiOiJja21lYWZ5NmkwOTF1MDg0ODNvb3ljdWJ1IiwiaWF0IjoxNjE2MDU3OTg2LCJleHAiOjE2MTg2NDk5ODZ9.BKmAPK55MtbHBZAgqmEBrlfq57CsDHRMLPrdtiYTO0M""}],""classifications"":[]}",rizqipangestu@mail.ugm.ac.id,Cutter,1616048834000,1616048888030,16.873,IMG20210317211718.jpg,,-1,,,dataset_cutter,[],https://editor.labelbox.com?project=ckmeapslvgj800731ykk3egdk&label=ckmehr0is000q30697f9bfkzt,0
ckmehre7l000t3069vdyhsa7m,ckmehi5hy0tr80rdphkpt4z25,https://storage.labelbox.com/ckmeafy6i091u08483ooycubu%2F46fa569b-22ed-ed69-0791-a66beff67e84-IMG20210317212028.jpg?Expires=1617267586922&KeyName=labelbox-assets-key-1&Signature=esPi7Hk3fnnj0zOLJ8atHNlODCY,"{""objects"":[{""featureId"":""ckmehr2rj000r30697ck46vp8"",""schemaId"":""ckmehlqhb0a6j0y7e82wedgkf"",""title"":""cutter"",""value"":""cutter"",""color"":""#1CE6FF"",""instanceURI"":""https://api.labelbox.com/masks/feature/ckmehr2rj000r30697ck46vp8?token=eyJhbGciOiJIUzI1NiIsInR5cCI6IkpXVCJ9.eyJ1c2VySWQiOiJja21lYWZ5NnlwNDFzMDc4OW44bnJvcndnIiwib3JnYW5pemF0aW9uSWQiOiJja21lYWZ5NmkwOTF1MDg0ODNvb3ljdWJ1IiwiaWF0IjoxNjE2MDU3OTg2LCJleHAiOjE2MTg2NDk5ODZ9.BKmAPK55MtbHBZAgqmEBrlfq57CsDHRMLPrdtiYTO0M""}],""classifications"":[]}",rizqipangestu@mail.ugm.ac.id,Cutter,1616048852000,1616048890484,15.717,IMG20210317212028.jpg,,-1,,,dataset_cutter,[],https://editor.labelbox.com?project=ckmeapslvgj800731ykk3egdk&label=ckmehre7l000t3069vdyhsa7m,0
ckmehrr5a000w3069vor1a8cq,ckmehi5hx0to00rdp0hghgo74,https://storage.labelbox.com/ckmeafy6i091u08483ooycubu%2F282f2ffe-28ef-de2e-75b8-efa48c47cca8-IMG20210317211731.jpg?Expires=1617267586922&KeyName=labelbox-assets-key-1&Signature=m90LxfsNilRFqR4vDLe1TroUB0I,"{""objects"":[{""featureId"":""ckmehrg2l000u3069xh66iy3w"",""schemaId"":""ckmehlqhb0a6j0y7e82wedgkf"",""title"":""cutter"",""value"":""cutter"",""color"":""#1CE6FF"",""instanceURI"":""https://api.labelbox.com/masks/feature/ckmehrg2l000u3069xh66iy3w?token=eyJhbGciOiJIUzI1NiIsInR5cCI6IkpXVCJ9.eyJ1c2VySWQiOiJja21lYWZ5NnlwNDFzMDc4OW44bnJvcndnIiwib3JnYW5pemF0aW9uSWQiOiJja21lYWZ5NmkwOTF1MDg0ODNvb3ljdWJ1IiwiaWF0IjoxNjE2MDU3OTg2LCJleHAiOjE2MTg2NDk5ODZ9.BKmAPK55MtbHBZAgqmEBrlfq57CsDHRMLPrdtiYTO0M""}],""classifications"":[]}",rizqipangestu@mail.ugm.ac.id,Cutter,1616048869000,1616048893079,17.515,IMG20210317211731.jpg,,-1,,,dataset_cutter,[],https://editor.labelbox.com?project=ckmeapslvgj800731ykk3egdk&label=ckmehrr5a000w3069vor1a8cq,0
ckmehs9mo000z3069vmfder1y,ckmehi5hy0trk0rdpalv1f91s,https://storage.labelbox.com/ckmeafy6i091u08483ooycubu%2F79c56046-7e85-437b-132e-f1106c146226-IMG20210317212044.jpg?Expires=1617267586923&KeyName=labelbox-assets-key-1&Signature=Mkj84OLY61-wqExDe7jeWqhtR5g,"{""objects"":[{""featureId"":""ckmehrtkt000x3069b0u0gv2n"",""schemaId"":""ckmehlqhb0a6j0y7e82wedgkf"",""title"":""cutter"",""value"":""cutter"",""color"":""#1CE6FF"",""instanceURI"":""https://api.labelbox.com/masks/feature/ckmehrtkt000x3069b0u0gv2n?token=eyJhbGciOiJIUzI1NiIsInR5cCI6IkpXVCJ9.eyJ1c2VySWQiOiJja21lYWZ5NnlwNDFzMDc4OW44bnJvcndnIiwib3JnYW5pemF0aW9uSWQiOiJja21lYWZ5NmkwOTF1MDg0ODNvb3ljdWJ1IiwiaWF0IjoxNjE2MDU3OTg2LCJleHAiOjE2MTg2NDk5ODZ9.BKmAPK55MtbHBZAgqmEBrlfq57CsDHRMLPrdtiYTO0M""}],""classifications"":[]}",rizqipangestu@mail.ugm.ac.id,Cutter,1616048892000,1616048991000,24.278,IMG20210317212044.jpg,-1,-1,,,dataset_cutter,[],https://editor.labelbox.com?project=ckmeapslvgj800731ykk3egdk&label=ckmehs9mo000z3069vmfder1y,0
ckmehslgw00123069kwc3mnpz,ckmehi5hx0toc0rdp03s0hk0q,https://storage.labelbox.com/ckmeafy6i091u08483ooycubu%2F661905e2-b91d-1ccb-d31b-2fb9e328ec6b-IMG20210317211738.jpg?Expires=1617267586923&KeyName=labelbox-assets-key-1&Signature=OLxY571PSxAyLRUkneVMNEJ9DdE,"{""objects"":[{""featureId"":""ckmehsbh400103069l1ebiiyv"",""schemaId"":""ckmehlqhb0a6j0y7e82wedgkf"",""title"":""cutter"",""value"":""cutter"",""color"":""#1CE6FF"",""instanceURI"":""https://api.labelbox.com/masks/feature/ckmehsbh400103069l1ebiiyv?token=eyJhbGciOiJIUzI1NiIsInR5cCI6IkpXVCJ9.eyJ1c2VySWQiOiJja21lYWZ5NnlwNDFzMDc4OW44bnJvcndnIiwib3JnYW5pemF0aW9uSWQiOiJja21lYWZ5NmkwOTF1MDg0ODNvb3ljdWJ1IiwiaWF0IjoxNjE2MDU3OTg2LCJleHAiOjE2MTg2NDk5ODZ9.BKmAPK55MtbHBZAgqmEBrlfq57CsDHRMLPrdtiYTO0M""}],""classifications"":[]}",rizqipangestu@mail.ugm.ac.id,Cutter,1616048907000,1616048993000,13.023,IMG20210317211738.jpg,-1,-1,,,dataset_cutter,[],https://editor.labelbox.com?project=ckmeapslvgj800731ykk3egdk&label=ckmehslgw00123069kwc3mnpz,0
ckmeht3xx00153069h6a4aqqe,ckmehi5hy0trw0rdpdfpqdjru,https://storage.labelbox.com/ckmeafy6i091u08483ooycubu%2F7d1c957a-802d-ebe2-3c69-52316a3f748a-IMG20210317212105.jpg?Expires=1617267586924&KeyName=labelbox-assets-key-1&Signature=OgbsmdjMeKT2wRpuOjPJnrXObA0,"{""objects"":[{""featureId"":""ckmehsqi4001330693iqer1dj"",""schemaId"":""ckmehlqhb0a6j0y7e82wedgkf"",""title"":""cutter"",""value"":""cutter"",""color"":""#1CE6FF"",""instanceURI"":""https://api.labelbox.com/masks/feature/ckmehsqi4001330693iqer1dj?token=eyJhbGciOiJIUzI1NiIsInR5cCI6IkpXVCJ9.eyJ1c2VySWQiOiJja21lYWZ5NnlwNDFzMDc4OW44bnJvcndnIiwib3JnYW5pemF0aW9uSWQiOiJja21lYWZ5NmkwOTF1MDg0ODNvb3ljdWJ1IiwiaWF0IjoxNjE2MDU3OTg2LCJleHAiOjE2MTg2NDk5ODZ9.BKmAPK55MtbHBZAgqmEBrlfq57CsDHRMLPrdtiYTO0M""}],""classifications"":[]}",rizqipangestu@mail.ugm.ac.id,Cutter,1616048931000,1616048996499,23.09,IMG20210317212105.jpg,,-1,,,dataset_cutter,[],https://editor.labelbox.com?project=ckmeapslvgj800731ykk3egdk&label=ckmeht3xx00153069h6a4aqqe,0
ckmehtq2i0018306931bbjshv,ckmehi5hx0too0rdp8r1yhi14,https://storage.labelbox.com/ckmeafy6i091u08483ooycubu%2Fe6a95c85-0f29-6909-a3d9-e455b7b31236-IMG20210317211747.jpg?Expires=1617267586924&KeyName=labelbox-assets-key-1&Signature=ZGCgx9TWr5cB2FnNqTIaGB51nlc,"{""objects"":[{""featureId"":""ckmeht6zx00163069xwz1wkrm"",""schemaId"":""ckmehlqhb0a6j0y7e82wedgkf"",""title"":""cutter"",""value"":""cutter"",""color"":""#1CE6FF"",""instanceURI"":""https://api.labelbox.com/masks/feature/ckmeht6zx00163069xwz1wkrm?token=eyJhbGciOiJIUzI1NiIsInR5cCI6IkpXVCJ9.eyJ1c2VySWQiOiJja21lYWZ5NnlwNDFzMDc4OW44bnJvcndnIiwib3JnYW5pemF0aW9uSWQiOiJja21lYWZ5NmkwOTF1MDg0ODNvb3ljdWJ1IiwiaWF0IjoxNjE2MDU3OTg2LCJleHAiOjE2MTg2NDk5ODZ9.BKmAPK55MtbHBZAgqmEBrlfq57CsDHRMLPrdtiYTO0M""}],""classifications"":[]}",rizqipangestu@mail.ugm.ac.id,Cutter,1616048961000,1616049001058,29.67,IMG20210317211747.jpg,,-1,,,dataset_cutter,[],https://editor.labelbox.com?project=ckmeapslvgj800731ykk3egdk&label=ckmehtq2i0018306931bbjshv,0
ckmehtwo900193069c9mc3cjw,ckmehi5hx0tp00rdp10be69fx,https://storage.labelbox.com/ckmeafy6i091u08483ooycubu%2Fedaf1ce5-35c2-17bc-63ab-2a7668135851-IMG20210317211802.jpg?Expires=1617267586924&KeyName=labelbox-assets-key-1&Signature=J8jbmEOSzgme4Hf4FpSpr6imoeI,{},rizqipangestu@mail.ugm.ac.id,Cutter,1616048968000,1616048990000,4.448,IMG20210317211802.jpg,-1,-1,,,dataset_cutter,[],https://editor.labelbox.com?project=ckmeapslvgj800731ykk3egdk&label=ckmehtwo900193069c9mc3cjw,0
ckmehucsk001c3069qu8behig,ckmehi5hy0tpc0rdpaujib7vs,https://storage.labelbox.com/ckmeafy6i091u08483ooycubu%2Fda42b4a4-8bba-2b67-ad7e-c686d86f99fe-IMG20210317211813.jpg?Expires=1617267586925&KeyName=labelbox-assets-key-1&Signature=brJuWoY0bsC_M_WylUeZK2x63XQ,"{""objects"":[{""featureId"":""ckmehu2kz001a30693wy7dk0n"",""schemaId"":""ckmehlqhb0a6j0y7e82wedgkf"",""title"":""cutter"",""value"":""cutter"",""color"":""#1CE6FF"",""instanceURI"":""https://api.labelbox.com/masks/feature/ckmehu2kz001a30693wy7dk0n?token=eyJhbGciOiJIUzI1NiIsInR5cCI6IkpXVCJ9.eyJ1c2VySWQiOiJja21lYWZ5NnlwNDFzMDc4OW44bnJvcndnIiwib3JnYW5pemF0aW9uSWQiOiJja21lYWZ5NmkwOTF1MDg0ODNvb3ljdWJ1IiwiaWF0IjoxNjE2MDU3OTg2LCJleHAiOjE2MTg2NDk5ODZ9.BKmAPK55MtbHBZAgqmEBrlfq57CsDHRMLPrdtiYTO0M""}],""classifications"":[]}",rizqipangestu@mail.ugm.ac.id,Cutter,1616048989000,1616049109397,16.598,IMG20210317211813.jpg,,-1,,,dataset_cutter,[],https://editor.labelbox.com?project=ckmeapslvgj800731ykk3egdk&label=ckmehucsk001c3069qu8behig,0
ckmehuq0z001f30693cs8a1vl,ckmehi5hy0tpo0rdp5k0o8hw7,https://storage.labelbox.com/ckmeafy6i091u08483ooycubu%2F4adbd32a-7f77-d354-4f5e-6699477ddbac-IMG20210317211834.jpg?Expires=1617267586925&KeyName=labelbox-assets-key-1&Signature=xFWAFV9Kzb4YDLhjQF7kAJQk1y0,"{""objects"":[{""featureId"":""ckmehuema001d3069m5lh0n70"",""schemaId"":""ckmehlqhb0a6j0y7e82wedgkf"",""title"":""cutter"",""value"":""cutter"",""color"":""#1CE6FF"",""instanceURI"":""https://api.labelbox.com/masks/feature/ckmehuema001d3069m5lh0n70?token=eyJhbGciOiJIUzI1NiIsInR5cCI6IkpXVCJ9.eyJ1c2VySWQiOiJja21lYWZ5NnlwNDFzMDc4OW44bnJvcndnIiwib3JnYW5pemF0aW9uSWQiOiJja21lYWZ5NmkwOTF1MDg0ODNvb3ljdWJ1IiwiaWF0IjoxNjE2MDU3OTg2LCJleHAiOjE2MTg2NDk5ODZ9.BKmAPK55MtbHBZAgqmEBrlfq57CsDHRMLPrdtiYTO0M""}],""classifications"":[]}",rizqipangestu@mail.ugm.ac.id,Cutter,1616049006000,1616049112140,19.116,IMG20210317211834.jpg,,-1,,,dataset_cutter,[],https://editor.labelbox.com?project=ckmeapslvgj800731ykk3egdk&label=ckmehuq0z001f30693cs8a1vl,0
ckmehv1db001i3069dm9g6hf9,ckmehi5hy0tq00rdpfkn6drfa,https://storage.labelbox.com/ckmeafy6i091u08483ooycubu%2Fc1d1205e-b23e-20b4-4ea0-ec9b9b517a9a-IMG20210317211848.jpg?Expires=1617267586925&KeyName=labelbox-assets-key-1&Signature=tI6njZ7_h4oI6XLNDViAMKvbYLg,"{""objects"":[{""featureId"":""ckmehurwo001g3069zn2mys06"",""schemaId"":""ckmehlqhb0a6j0y7e82wedgkf"",""title"":""cutter"",""value"":""cutter"",""color"":""#1CE6FF"",""instanceURI"":""https://api.labelbox.com/masks/feature/ckmehurwo001g3069zn2mys06?token=eyJhbGciOiJIUzI1NiIsInR5cCI6IkpXVCJ9.eyJ1c2VySWQiOiJja21lYWZ5NnlwNDFzMDc4OW44bnJvcndnIiwib3JnYW5pemF0aW9uSWQiOiJja21lYWZ5NmkwOTF1MDg0ODNvb3ljdWJ1IiwiaWF0IjoxNjE2MDU3OTg2LCJleHAiOjE2MTg2NDk5ODZ9.BKmAPK55MtbHBZAgqmEBrlfq57CsDHRMLPrdtiYTO0M""}],""classifications"":[]}",rizqipangestu@mail.ugm.ac.id,Cutter,1616049021000,1616049114437,13.547,IMG20210317211848.jpg,,-1,,,dataset_cutter,[],https://editor.labelbox.com?project=ckmeapslvgj800731ykk3egdk&label=ckmehv1db001i3069dm9g6hf9,0
ckmehvg6g001l3069f3oq1t11,ckmehi5hy0tqc0rdp9egke91o,https://storage.labelbox.com/ckmeafy6i091u08483ooycubu%2F328565de-9b8d-e830-c6a2-857fca18971c-IMG20210317211904.jpg?Expires=1617267586926&KeyName=labelbox-assets-key-1&Signature=4RvhXevOD2keHUa9ARiIIh6Ni-s,"{""objects"":[{""featureId"":""ckmehv3gw001j3069t52fqn8d"",""schemaId"":""ckmehlqhb0a6j0y7e82wedgkf"",""title"":""cutter"",""value"":""cutter"",""color"":""#1CE6FF"",""instanceURI"":""https://api.labelbox.com/masks/feature/ckmehv3gw001j3069t52fqn8d?token=eyJhbGciOiJIUzI1NiIsInR5cCI6IkpXVCJ9.eyJ1c2VySWQiOiJja21lYWZ5NnlwNDFzMDc4OW44bnJvcndnIiwib3JnYW5pemF0aW9uSWQiOiJja21lYWZ5NmkwOTF1MDg0ODNvb3ljdWJ1IiwiaWF0IjoxNjE2MDU3OTg2LCJleHAiOjE2MTg2NDk5ODZ9.BKmAPK55MtbHBZAgqmEBrlfq57CsDHRMLPrdtiYTO0M""}],""classifications"":[]}",rizqipangestu@mail.ugm.ac.id,Cutter,1616049041000,1616049118000,16.512,IMG20210317211904.jpg,-1,-1,,,dataset_cutter,[],https://editor.labelbox.com?project=ckmeapslvgj800731ykk3egdk&label=ckmehvg6g001l3069f3oq1t11,0
ckmehvtnx001o30691x3e7zcp,ckmehi5hx0tn40rdp6wv40mur,https://storage.labelbox.com/ckmeafy6i091u08483ooycubu%2Fe4747219-76f8-10a4-906e-6c36a0d4f2d6-IMG20210317211705.jpg?Expires=1617267586927&KeyName=labelbox-assets-key-1&Signature=5Ydpoqm8mQFUnxo5pvg37svNDck,"{""objects"":[{""featureId"":""ckmehvhos001m3069vtltgtdq"",""schemaId"":""ckmehlqhb0a6j0y7e82wedgkf"",""title"":""cutter"",""value"":""cutter"",""color"":""#1CE6FF"",""instanceURI"":""https://api.labelbox.com/masks/feature/ckmehvhos001m3069vtltgtdq?token=eyJhbGciOiJIUzI1NiIsInR5cCI6IkpXVCJ9.eyJ1c2VySWQiOiJja21lYWZ5NnlwNDFzMDc4OW44bnJvcndnIiwib3JnYW5pemF0aW9uSWQiOiJja21lYWZ5NmkwOTF1MDg0ODNvb3ljdWJ1IiwiaWF0IjoxNjE2MDU3OTg2LCJleHAiOjE2MTg2NDk5ODZ9.BKmAPK55MtbHBZAgqmEBrlfq57CsDHRMLPrdtiYTO0M""}],""classifications"":[]}",rizqipangestu@mail.ugm.ac.id,Cutter,1616049058000,1616049120000,15.520000000000001,IMG20210317211705.jpg,-1,-1,,,dataset_cutter,[],https://editor.labelbox.com?project=ckmeapslvgj800731ykk3egdk&label=ckmehvtnx001o30691x3e7zcp,0
ckmehw62s001r3069whq9rkyb,ckmehi5hy0tqo0rdpgck96e30,https://storage.labelbox.com/ckmeafy6i091u08483ooycubu%2F5dd25c30-c66e-450d-99bf-e744a8977a86-IMG20210317211917.jpg?Expires=1617267586927&KeyName=labelbox-assets-key-1&Signature=2x1lw0yUsLHdqCxK51zta7ZZjP4,"{""objects"":[{""featureId"":""ckmehvv8r001p30693tgoxd9b"",""schemaId"":""ckmehlqhb0a6j0y7e82wedgkf"",""title"":""cutter"",""value"":""cutter"",""color"":""#1CE6FF"",""instanceURI"":""https://api.labelbox.com/masks/feature/ckmehvv8r001p30693tgoxd9b?token=eyJhbGciOiJIUzI1NiIsInR5cCI6IkpXVCJ9.eyJ1c2VySWQiOiJja21lYWZ5NnlwNDFzMDc4OW44bnJvcndnIiwib3JnYW5pemF0aW9uSWQiOiJja21lYWZ5NmkwOTF1MDg0ODNvb3ljdWJ1IiwiaWF0IjoxNjE2MDU3OTg2LCJleHAiOjE2MTg2NDk5ODZ9.BKmAPK55MtbHBZAgqmEBrlfq57CsDHRMLPrdtiYTO0M""}],""classifications"":[]}",rizqipangestu@mail.ugm.ac.id,Cutter,1616049074000,1616049122139,18.359,IMG20210317211917.jpg,,-1,,,dataset_cutter,[],https://editor.labelbox.com?project=ckmeapslvgj800731ykk3egdk&label=ckmehw62s001r3069whq9rkyb,0
ckmehwkre001u3069do3agrrm,ckmehi5hx0tng0rdparp32bfs,https://storage.labelbox.com/ckmeafy6i091u08483ooycubu%2F11b636a8-eeb5-b100-a534-5e7675aaa431-IMG20210317211713.jpg?Expires=1617267586928&KeyName=labelbox-assets-key-1&Signature=ZRKUtLuxCQLYDP6IqTpjsTYg6uA,"{""objects"":[{""featureId"":""ckmehw8oo001s3069i9ajunpk"",""schemaId"":""ckmehlqhb0a6j0y7e82wedgkf"",""title"":""cutter"",""value"":""cutter"",""color"":""#1CE6FF"",""instanceURI"":""https://api.labelbox.com/masks/feature/ckmehw8oo001s3069i9ajunpk?token=eyJhbGciOiJIUzI1NiIsInR5cCI6IkpXVCJ9.eyJ1c2VySWQiOiJja21lYWZ5NnlwNDFzMDc4OW44bnJvcndnIiwib3JnYW5pemF0aW9uSWQiOiJja21lYWZ5NmkwOTF1MDg0ODNvb3ljdWJ1IiwiaWF0IjoxNjE2MDU3OTg2LCJleHAiOjE2MTg2NDk5ODZ9.BKmAPK55MtbHBZAgqmEBrlfq57CsDHRMLPrdtiYTO0M""}],""classifications"":[]}",rizqipangestu@mail.ugm.ac.id,Cutter,1616049096000,1616049127000,31.196,IMG20210317211713.jpg,-1,-1,,,dataset_cutter,[],https://editor.labelbox.com?project=ckmeapslvgj800731ykk3egdk&label=ckmehwkre001u3069do3agrrm,0
ckmehxqh40020306990edtkb9,ckmehi5hy0tr00rdp219i139n,https://storage.labelbox.com/ckmeafy6i091u08483ooycubu%2Fe2f29859-3299-10ec-2e7f-a912105bcde2-IMG20210317212000.jpg?Expires=1617267586928&KeyName=labelbox-assets-key-1&Signature=y0lE7Zf57lpzivgz1TlNEPWHwWU,"{""objects"":[{""featureId"":""ckmehx9ve001x3069ddmpiqbo"",""schemaId"":""ckmehlqhb0a6j0y7e82wedgkf"",""title"":""cutter"",""value"":""cutter"",""color"":""#1CE6FF"",""instanceURI"":""https://api.labelbox.com/masks/feature/ckmehx9ve001x3069ddmpiqbo?token=eyJhbGciOiJIUzI1NiIsInR5cCI6IkpXVCJ9.eyJ1c2VySWQiOiJja21lYWZ5NnlwNDFzMDc4OW44bnJvcndnIiwib3JnYW5pemF0aW9uSWQiOiJja21lYWZ5NmkwOTF1MDg0ODNvb3ljdWJ1IiwiaWF0IjoxNjE2MDU3OTg2LCJleHAiOjE2MTg2NDk5ODZ9.BKmAPK55MtbHBZAgqmEBrlfq57CsDHRMLPrdtiYTO0M""}],""classifications"":[]}",rizqipangestu@mail.ugm.ac.id,Cutter,1616049147000,1616049230000,26.153000000000002,IMG20210317212000.jpg,-1,-1,,,dataset_cutter,[],https://editor.labelbox.com?project=ckmeapslvgj800731ykk3egdk&label=ckmehxqh40020306990edtkb9,0
ckmehy78100233069p078s9sn,ckmehi5hx0tns0rdp2gmv4uwq,https://storage.labelbox.com/ckmeafy6i091u08483ooycubu%2F76a7bf30-831e-f33b-1ad1-a43ee042a082-IMG20210317211720.jpg?Expires=1617267586928&KeyName=labelbox-assets-key-1&Signature=pKFOgd1-KOwggQFT3DiClJH8e-I,"{""objects"":[{""featureId"":""ckmehxupi002130692kxmmb1d"",""schemaId"":""ckmehlqhb0a6j0y7e82wedgkf"",""title"":""cutter"",""value"":""cutter"",""color"":""#1CE6FF"",""instanceURI"":""https://api.labelbox.com/masks/feature/ckmehxupi002130692kxmmb1d?token=eyJhbGciOiJIUzI1NiIsInR5cCI6IkpXVCJ9.eyJ1c2VySWQiOiJja21lYWZ5NnlwNDFzMDc4OW44bnJvcndnIiwib3JnYW5pemF0aW9uSWQiOiJja21lYWZ5NmkwOTF1MDg0ODNvb3ljdWJ1IiwiaWF0IjoxNjE2MDU3OTg2LCJleHAiOjE2MTg2NDk5ODZ9.BKmAPK55MtbHBZAgqmEBrlfq57CsDHRMLPrdtiYTO0M""}],""classifications"":[]}",rizqipangestu@mail.ugm.ac.id,Cutter,1616049169000,1616049234000,22.209000000000003,IMG20210317211720.jpg,-1,-1,,,dataset_cutter,[],https://editor.labelbox.com?project=ckmeapslvgj800731ykk3egdk&label=ckmehy78100233069p078s9sn,0
ckmehyle800263069i6m356yb,ckmehi5hy0trc0rdp9trmbdap,https://storage.labelbox.com/ckmeafy6i091u08483ooycubu%2Feab13ed4-2004-dd66-31ed-b39b8e10866e-IMG20210317212037.jpg?Expires=1617267586930&KeyName=labelbox-assets-key-1&Signature=0ovjk77nGJ_kFutL_RfVR7BTy8s,"{""objects"":[{""featureId"":""ckmehybbr002430697k0xx5fc"",""schemaId"":""ckmehlqhb0a6j0y7e82wedgkf"",""title"":""cutter"",""value"":""cutter"",""color"":""#1CE6FF"",""instanceURI"":""https://api.labelbox.com/masks/feature/ckmehybbr002430697k0xx5fc?token=eyJhbGciOiJIUzI1NiIsInR5cCI6IkpXVCJ9.eyJ1c2VySWQiOiJja21lYWZ5NnlwNDFzMDc4OW44bnJvcndnIiwib3JnYW5pemF0aW9uSWQiOiJja21lYWZ5NmkwOTF1MDg0ODNvb3ljdWJ1IiwiaWF0IjoxNjE2MDU3OTg2LCJleHAiOjE2MTg2NDk5ODZ9.BKmAPK55MtbHBZAgqmEBrlfq57CsDHRMLPrdtiYTO0M""}],""classifications"":[]}",rizqipangestu@mail.ugm.ac.id,Cutter,1616049187000,1616049236410,17.012,IMG20210317212037.jpg,,-1,,,dataset_cutter,[],https://editor.labelbox.com?project=ckmeapslvgj800731ykk3egdk&label=ckmehyle800263069i6m356yb,0
ckmehyz2b00293069ks8jon9p,ckmehi5hx0to40rdp3o9g6il6,https://storage.labelbox.com/ckmeafy6i091u08483ooycubu%2F43f483f7-3447-d1fb-91c3-91f67c68b7fb-IMG20210317211735.jpg?Expires=1617267586930&KeyName=labelbox-assets-key-1&Signature=tfdckQKeaZiKA8ArlzJXEicRjc8,"{""objects"":[{""featureId"":""ckmehyp6a00273069csk81cmc"",""schemaId"":""ckmehlqhb0a6j0y7e82wedgkf"",""title"":""cutter"",""value"":""cutter"",""color"":""#1CE6FF"",""instanceURI"":""https://api.labelbox.com/masks/feature/ckmehyp6a00273069csk81cmc?token=eyJhbGciOiJIUzI1NiIsInR5cCI6IkpXVCJ9.eyJ1c2VySWQiOiJja21lYWZ5NnlwNDFzMDc4OW44bnJvcndnIiwib3JnYW5pemF0aW9uSWQiOiJja21lYWZ5NmkwOTF1MDg0ODNvb3ljdWJ1IiwiaWF0IjoxNjE2MDU3OTg2LCJleHAiOjE2MTg2NDk5ODZ9.BKmAPK55MtbHBZAgqmEBrlfq57CsDHRMLPrdtiYTO0M""}],""classifications"":[]}",rizqipangestu@mail.ugm.ac.id,Cutter,1616049205000,1616049239036,15,IMG20210317211735.jpg,,-1,,,dataset_cutter,[],https://editor.labelbox.com?project=ckmeapslvgj800731ykk3egdk&label=ckmehyz2b00293069ks8jon9p,0
ckmemz37j00033069ciukuq7f,ckmehi5hy0tro0rdp3d9z88n2,https://storage.labelbox.com/ckmeafy6i091u08483ooycubu%2Fc0d9891e-a17e-6f73-fe8a-d51bcaa475c6-IMG20210317212048.jpg?Expires=1617267586931&KeyName=labelbox-assets-key-1&Signature=tBD4tAR3MFiE1LBZfi2EhwR1s8E,"{""objects"":[{""featureId"":""ckmemynyg00013069fu6ce731"",""schemaId"":""ckmehlqhb0a6j0y7e82wedgkf"",""title"":""cutter"",""value"":""cutter"",""color"":""#1CE6FF"",""instanceURI"":""https://api.labelbox.com/masks/feature/ckmemynyg00013069fu6ce731?token=eyJhbGciOiJIUzI1NiIsInR5cCI6IkpXVCJ9.eyJ1c2VySWQiOiJja21lYWZ5NnlwNDFzMDc4OW44bnJvcndnIiwib3JnYW5pemF0aW9uSWQiOiJja21lYWZ5NmkwOTF1MDg0ODNvb3ljdWJ1IiwiaWF0IjoxNjE2MDU3OTg2LCJleHAiOjE2MTg2NDk5ODZ9.BKmAPK55MtbHBZAgqmEBrlfq57CsDHRMLPrdtiYTO0M""}],""classifications"":[]}",rizqipangestu@mail.ugm.ac.id,Cutter,1616057608000,1616057644000,32.619,IMG20210317212048.jpg,-1,-1,,,dataset_cutter,[],https://editor.labelbox.com?project=ckmeapslvgj800731ykk3egdk&label=ckmemz37j00033069ciukuq7f,0
ckmemzds5000630693d6i9uqo,ckmehi5hx0tog0rdpach91n40,https://storage.labelbox.com/ckmeafy6i091u08483ooycubu%2Fa90d12ad-14a5-5cf0-aab0-374aefb3875c-IMG20210317211742.jpg?Expires=1617267586932&KeyName=labelbox-assets-key-1&Signature=lcAoGMBJJe0XnT9oxV1cEHvVH5U,"{""objects"":[{""featureId"":""ckmemz4nq00043069hhm5b4sb"",""schemaId"":""ckmehlqhb0a6j0y7e82wedgkf"",""title"":""cutter"",""value"":""cutter"",""color"":""#1CE6FF"",""instanceURI"":""https://api.labelbox.com/masks/feature/ckmemz4nq00043069hhm5b4sb?token=eyJhbGciOiJIUzI1NiIsInR5cCI6IkpXVCJ9.eyJ1c2VySWQiOiJja21lYWZ5NnlwNDFzMDc4OW44bnJvcndnIiwib3JnYW5pemF0aW9uSWQiOiJja21lYWZ5NmkwOTF1MDg0ODNvb3ljdWJ1IiwiaWF0IjoxNjE2MDU3OTg2LCJleHAiOjE2MTg2NDk5ODZ9.BKmAPK55MtbHBZAgqmEBrlfq57CsDHRMLPrdtiYTO0M""}],""classifications"":[]}",rizqipangestu@mail.ugm.ac.id,Cutter,1616057622000,1616057645000,11.003,IMG20210317211742.jpg,-1,-1,,,dataset_cutter,[],https://editor.labelbox.com?project=ckmeapslvgj800731ykk3egdk&label=ckmemzds5000630693d6i9uqo,0
ckmemzvsq00093069pw78e5o2,ckmehi5hy0ts00rdp0l1677g3,https://storage.labelbox.com/ckmeafy6i091u08483ooycubu%2F5149d3a0-97ab-207f-0583-b8d1be529e89-IMG20210317212111.jpg?Expires=1617267586932&KeyName=labelbox-assets-key-1&Signature=nRVfH5uBhrJmq5_AqqKbmXY7E5E,"{""objects"":[{""featureId"":""ckmemzi4c00073069lzdfxn5a"",""schemaId"":""ckmehlqhb0a6j0y7e82wedgkf"",""title"":""cutter"",""value"":""cutter"",""color"":""#1CE6FF"",""instanceURI"":""https://api.labelbox.com/masks/feature/ckmemzi4c00073069lzdfxn5a?token=eyJhbGciOiJIUzI1NiIsInR5cCI6IkpXVCJ9.eyJ1c2VySWQiOiJja21lYWZ5NnlwNDFzMDc4OW44bnJvcndnIiwib3JnYW5pemF0aW9uSWQiOiJja21lYWZ5NmkwOTF1MDg0ODNvb3ljdWJ1IiwiaWF0IjoxNjE2MDU3OTg2LCJleHAiOjE2MTg2NDk5ODZ9.BKmAPK55MtbHBZAgqmEBrlfq57CsDHRMLPrdtiYTO0M""}],""classifications"":[]}",rizqipangestu@mail.ugm.ac.id,Cutter,1616057645000,1616057742456,15.548,IMG20210317212111.jpg,,-1,,,dataset_cutter,[],https://editor.labelbox.com?project=ckmeapslvgj800731ykk3egdk&label=ckmemzvsq00093069pw78e5o2,0
ckmen089j000c3069tysidd5s,ckmehi5hx0tos0rdp5z4w551c,https://storage.labelbox.com/ckmeafy6i091u08483ooycubu%2F6d7b442d-5642-dbb5-0363-a87b977311b6-IMG20210317211750.jpg?Expires=1617267586932&KeyName=labelbox-assets-key-1&Signature=gKpExh137APEwX1kj-w7ALF8u0k,"{""objects"":[{""featureId"":""ckmemzz03000a3069g9i8a4kj"",""schemaId"":""ckmehlqhb0a6j0y7e82wedgkf"",""title"":""cutter"",""value"":""cutter"",""color"":""#1CE6FF"",""instanceURI"":""https://api.labelbox.com/masks/feature/ckmemzz03000a3069g9i8a4kj?token=eyJhbGciOiJIUzI1NiIsInR5cCI6IkpXVCJ9.eyJ1c2VySWQiOiJja21lYWZ5NnlwNDFzMDc4OW44bnJvcndnIiwib3JnYW5pemF0aW9uSWQiOiJja21lYWZ5NmkwOTF1MDg0ODNvb3ljdWJ1IiwiaWF0IjoxNjE2MDU3OTg2LCJleHAiOjE2MTg2NDk5ODZ9.BKmAPK55MtbHBZAgqmEBrlfq57CsDHRMLPrdtiYTO0M""}],""classifications"":[]}",rizqipangestu@mail.ugm.ac.id,Cutter,1616057661000,1616057744171,17.026,IMG20210317211750.jpg,,-1,,,dataset_cutter,[],https://editor.labelbox.com?project=ckmeapslvgj800731ykk3egdk&label=ckmen089j000c3069tysidd5s,0
ckmen0lwl000f3069084gy7a7,ckmehi5hx0tp40rdpa938dkgx,https://storage.labelbox.com/ckmeafy6i091u08483ooycubu%2F1f1f10f0-c09c-132f-0a24-2eb6a75bd703-IMG20210317211807.jpg?Expires=1617267586933&KeyName=labelbox-assets-key-1&Signature=CpIAQhDy_rJ62ro1COdZy6WRZ5Y,"{""objects"":[{""featureId"":""ckmen0amf000d306959mczgsk"",""schemaId"":""ckmehlqhb0a6j0y7e82wedgkf"",""title"":""cutter"",""value"":""cutter"",""color"":""#1CE6FF"",""instanceURI"":""https://api.labelbox.com/masks/feature/ckmen0amf000d306959mczgsk?token=eyJhbGciOiJIUzI1NiIsInR5cCI6IkpXVCJ9.eyJ1c2VySWQiOiJja21lYWZ5NnlwNDFzMDc4OW44bnJvcndnIiwib3JnYW5pemF0aW9uSWQiOiJja21lYWZ5NmkwOTF1MDg0ODNvb3ljdWJ1IiwiaWF0IjoxNjE2MDU3OTg2LCJleHAiOjE2MTg2NDk5ODZ9.BKmAPK55MtbHBZAgqmEBrlfq57CsDHRMLPrdtiYTO0M""}],""classifications"":[]}",rizqipangestu@mail.ugm.ac.id,Cutter,1616057679000,1616057746000,16.325,IMG20210317211807.jpg,-1,-1,,,dataset_cutter,[],https://editor.labelbox.com?project=ckmeapslvgj800731ykk3egdk&label=ckmen0lwl000f3069084gy7a7,0
ckmen0yzu000i3069rwgw5reo,ckmehi5hy0tpg0rdp5xfvetaf,https://storage.labelbox.com/ckmeafy6i091u08483ooycubu%2F13e2e72c-44d4-4001-5b70-b9fec697b784-IMG20210317211817.jpg?Expires=1617267586933&KeyName=labelbox-assets-key-1&Signature=q8pSA_0bH-Dt7IN7PtIcQjIqn1A,"{""objects"":[{""featureId"":""ckmen0o2d000g3069mnex7zo9"",""schemaId"":""ckmehlqhb0a6j0y7e82wedgkf"",""title"":""cutter"",""value"":""cutter"",""color"":""#1CE6FF"",""instanceURI"":""https://api.labelbox.com/masks/feature/ckmen0o2d000g3069mnex7zo9?token=eyJhbGciOiJIUzI1NiIsInR5cCI6IkpXVCJ9.eyJ1c2VySWQiOiJja21lYWZ5NnlwNDFzMDc4OW44bnJvcndnIiwib3JnYW5pemF0aW9uSWQiOiJja21lYWZ5NmkwOTF1MDg0ODNvb3ljdWJ1IiwiaWF0IjoxNjE2MDU3OTg2LCJleHAiOjE2MTg2NDk5ODZ9.BKmAPK55MtbHBZAgqmEBrlfq57CsDHRMLPrdtiYTO0M""}],""classifications"":[]}",rizqipangestu@mail.ugm.ac.id,Cutter,1616057696000,1616057748000,15.551,IMG20210317211817.jpg,-1,-1,,,dataset_cutter,[],https://editor.labelbox.com?project=ckmeapslvgj800731ykk3egdk&label=ckmen0yzu000i3069rwgw5reo,0
ckmen1bud000l30694by7msy0,ckmehi5hy0tps0rdp1z9ffm9y,https://storage.labelbox.com/ckmeafy6i091u08483ooycubu%2Fb91c60e0-3b3c-b7cf-024a-9a678ac71b95-IMG20210317211838.jpg?Expires=1617267586933&KeyName=labelbox-assets-key-1&Signature=tv1FD65EsxEP6-lF3YELdtetpCY,"{""objects"":[{""featureId"":""ckmen11hx000j3069x6qclu8g"",""schemaId"":""ckmehlqhb0a6j0y7e82wedgkf"",""title"":""cutter"",""value"":""cutter"",""color"":""#1CE6FF"",""instanceURI"":""https://api.labelbox.com/masks/feature/ckmen11hx000j3069x6qclu8g?token=eyJhbGciOiJIUzI1NiIsInR5cCI6IkpXVCJ9.eyJ1c2VySWQiOiJja21lYWZ5NnlwNDFzMDc4OW44bnJvcndnIiwib3JnYW5pemF0aW9uSWQiOiJja21lYWZ5NmkwOTF1MDg0ODNvb3ljdWJ1IiwiaWF0IjoxNjE2MDU3OTg2LCJleHAiOjE2MTg2NDk5ODZ9.BKmAPK55MtbHBZAgqmEBrlfq57CsDHRMLPrdtiYTO0M""}],""classifications"":[]}",rizqipangestu@mail.ugm.ac.id,Cutter,1616057713000,1616057750000,16.637999999999998,IMG20210317211838.jpg,-1,-1,,,dataset_cutter,[],https://editor.labelbox.com?project=ckmeapslvgj800731ykk3egdk&label=ckmen1bud000l30694by7msy0,0
ckmen1p57000o3069nppxs41e,ckmehi5hy0tq40rdp13g9c768,https://storage.labelbox.com/ckmeafy6i091u08483ooycubu%2F9ca36d5c-565a-be1d-a3e5-71264d7de2aa-IMG20210317211856.jpg?Expires=1617267586934&KeyName=labelbox-assets-key-1&Signature=aJ0TV7kEpl4dDu0iEbzOXW0GNq4,"{""objects"":[{""featureId"":""ckmen1e2k000m3069p0l9e4ok"",""schemaId"":""ckmehlqhb0a6j0y7e82wedgkf"",""title"":""cutter"",""value"":""cutter"",""color"":""#1CE6FF"",""instanceURI"":""https://api.labelbox.com/masks/feature/ckmen1e2k000m3069p0l9e4ok?token=eyJhbGciOiJIUzI1NiIsInR5cCI6IkpXVCJ9.eyJ1c2VySWQiOiJja21lYWZ5NnlwNDFzMDc4OW44bnJvcndnIiwib3JnYW5pemF0aW9uSWQiOiJja21lYWZ5NmkwOTF1MDg0ODNvb3ljdWJ1IiwiaWF0IjoxNjE2MDU3OTg2LCJleHAiOjE2MTg2NDk5ODZ9.BKmAPK55MtbHBZAgqmEBrlfq57CsDHRMLPrdtiYTO0M""}],""classifications"":[]}",rizqipangestu@mail.ugm.ac.id,Cutter,1616057731000,1616057752000,18.395,IMG20210317211856.jpg,-1,-1,,,dataset_cutter,[],https://editor.labelbox.com?project=ckmeapslvgj800731ykk3egdk&label=ckmen1p57000o3069nppxs41e,0
ckmen24oc000r3069e6vc981u,ckmehi5hy0tqg0rdpdi0deaei,https://storage.labelbox.com/ckmeafy6i091u08483ooycubu%2F485dbf26-d93c-2d85-2a84-c04306ec0ad8-IMG20210317211908.jpg?Expires=1617267586934&KeyName=labelbox-assets-key-1&Signature=uJPicgTOnO24a-FULCGpSUD0OSE,"{""objects"":[{""featureId"":""ckmen1sch000p30690izv3f53"",""schemaId"":""ckmehlqhb0a6j0y7e82wedgkf"",""title"":""cutter"",""value"":""cutter"",""color"":""#1CE6FF"",""instanceURI"":""https://api.labelbox.com/masks/feature/ckmen1sch000p30690izv3f53?token=eyJhbGciOiJIUzI1NiIsInR5cCI6IkpXVCJ9.eyJ1c2VySWQiOiJja21lYWZ5NnlwNDFzMDc4OW44bnJvcndnIiwib3JnYW5pemF0aW9uSWQiOiJja21lYWZ5NmkwOTF1MDg0ODNvb3ljdWJ1IiwiaWF0IjoxNjE2MDU3OTg2LCJleHAiOjE2MTg2NDk5ODZ9.BKmAPK55MtbHBZAgqmEBrlfq57CsDHRMLPrdtiYTO0M""}],""classifications"":[]}",rizqipangestu@mail.ugm.ac.id,Cutter,1616057750000,1616057878199,15.966,IMG20210317211908.jpg,,-1,,,dataset_cutter,[],https://editor.labelbox.com?project=ckmeapslvgj800731ykk3egdk&label=ckmen24oc000r3069e6vc981u,0
ckmen2hgv000u3069fp672dpw,ckmehi5hx0tn80rdp6jhx075r,https://storage.labelbox.com/ckmeafy6i091u08483ooycubu%2F846eee59-6ba0-eb83-a5fa-d03a12ed1290-IMG20210317211708.jpg?Expires=1617267586935&KeyName=labelbox-assets-key-1&Signature=6hOAsQXj6ydosKFUnSd0G2KW7hY,"{""objects"":[{""featureId"":""ckmen25yt000s3069aq1t6h9p"",""schemaId"":""ckmehlqhb0a6j0y7e82wedgkf"",""title"":""cutter"",""value"":""cutter"",""color"":""#1CE6FF"",""instanceURI"":""https://api.labelbox.com/masks/feature/ckmen25yt000s3069aq1t6h9p?token=eyJhbGciOiJIUzI1NiIsInR5cCI6IkpXVCJ9.eyJ1c2VySWQiOiJja21lYWZ5NnlwNDFzMDc4OW44bnJvcndnIiwib3JnYW5pemF0aW9uSWQiOiJja21lYWZ5NmkwOTF1MDg0ODNvb3ljdWJ1IiwiaWF0IjoxNjE2MDU3OTg2LCJleHAiOjE2MTg2NDk5ODZ9.BKmAPK55MtbHBZAgqmEBrlfq57CsDHRMLPrdtiYTO0M""}],""classifications"":[]}",rizqipangestu@mail.ugm.ac.id,Cutter,1616057767000,1616057880000,17.087,IMG20210317211708.jpg,-1,-1,,,dataset_cutter,[],https://editor.labelbox.com?project=ckmeapslvgj800731ykk3egdk&label=ckmen2hgv000u3069fp672dpw,0
ckmen2v4v000x3069cy76eu4e,ckmehi5hy0tqs0rdpb4vq3qd5,https://storage.labelbox.com/ckmeafy6i091u08483ooycubu%2F7af01685-6ea8-0abf-4fdd-c62dfae08cc8-IMG20210317211951.jpg?Expires=1617267586938&KeyName=labelbox-assets-key-1&Signature=00Mxp1kCSW_8pw1Wah9bKDA2pYU,"{""objects"":[{""featureId"":""ckmen2k0v000v3069zm3cnd9q"",""schemaId"":""ckmehlqhb0a6j0y7e82wedgkf"",""title"":""cutter"",""value"":""cutter"",""color"":""#1CE6FF"",""instanceURI"":""https://api.labelbox.com/masks/feature/ckmen2k0v000v3069zm3cnd9q?token=eyJhbGciOiJIUzI1NiIsInR5cCI6IkpXVCJ9.eyJ1c2VySWQiOiJja21lYWZ5NnlwNDFzMDc4OW44bnJvcndnIiwib3JnYW5pemF0aW9uSWQiOiJja21lYWZ5NmkwOTF1MDg0ODNvb3ljdWJ1IiwiaWF0IjoxNjE2MDU3OTg2LCJleHAiOjE2MTg2NDk5ODZ9.BKmAPK55MtbHBZAgqmEBrlfq57CsDHRMLPrdtiYTO0M""}],""classifications"":[]}",rizqipangestu@mail.ugm.ac.id,Cutter,1616057785000,1616057881454,19.576,IMG20210317211951.jpg,,-1,,,dataset_cutter,[],https://editor.labelbox.com?project=ckmeapslvgj800731ykk3egdk&label=ckmen2v4v000x3069cy76eu4e,0
ckmen36y700103069k9u12hnv,ckmehi5hx0tnk0rdpd0t20zbb,https://storage.labelbox.com/ckmeafy6i091u08483ooycubu%2Fcd3216e0-ab50-dd8a-6c5f-dff9ef6f49b9-IMG20210317211715.jpg?Expires=1617267586939&KeyName=labelbox-assets-key-1&Signature=JQuVQeziRVFSfjHmFsnGSaI76NM,"{""objects"":[{""featureId"":""ckmen2w5k000y3069eg0grrdo"",""schemaId"":""ckmehlqhb0a6j0y7e82wedgkf"",""title"":""cutter"",""value"":""cutter"",""color"":""#1CE6FF"",""instanceURI"":""https://api.labelbox.com/masks/feature/ckmen2w5k000y3069eg0grrdo?token=eyJhbGciOiJIUzI1NiIsInR5cCI6IkpXVCJ9.eyJ1c2VySWQiOiJja21lYWZ5NnlwNDFzMDc4OW44bnJvcndnIiwib3JnYW5pemF0aW9uSWQiOiJja21lYWZ5NmkwOTF1MDg0ODNvb3ljdWJ1IiwiaWF0IjoxNjE2MDU3OTg2LCJleHAiOjE2MTg2NDk5ODZ9.BKmAPK55MtbHBZAgqmEBrlfq57CsDHRMLPrdtiYTO0M""}],""classifications"":[]}",rizqipangestu@mail.ugm.ac.id,Cutter,1616057800000,1616057883210,12.301,IMG20210317211715.jpg,,-1,,,dataset_cutter,[],https://editor.labelbox.com?project=ckmeapslvgj800731ykk3egdk&label=ckmen36y700103069k9u12hnv,0
ckmen3kos00133069b01gh4dc,ckmehi5hy0tr40rdpbtthgfzv,https://storage.labelbox.com/ckmeafy6i091u08483ooycubu%2F85b5b4c4-965f-d670-ad33-147ec2c38799-IMG20210317212025.jpg?Expires=1617267586940&KeyName=labelbox-assets-key-1&Signature=fSDYxs-Qt2v959dXzN5wEMG0cL0,"{""objects"":[{""featureId"":""ckmen384v00113069me77pv3z"",""schemaId"":""ckmehlqhb0a6j0y7e82wedgkf"",""title"":""cutter"",""value"":""cutter"",""color"":""#1CE6FF"",""instanceURI"":""https://api.labelbox.com/masks/feature/ckmen384v00113069me77pv3z?token=eyJhbGciOiJIUzI1NiIsInR5cCI6IkpXVCJ9.eyJ1c2VySWQiOiJja21lYWZ5NnlwNDFzMDc4OW44bnJvcndnIiwib3JnYW5pemF0aW9uSWQiOiJja21lYWZ5NmkwOTF1MDg0ODNvb3ljdWJ1IiwiaWF0IjoxNjE2MDU3OTg2LCJleHAiOjE2MTg2NDk5ODZ9.BKmAPK55MtbHBZAgqmEBrlfq57CsDHRMLPrdtiYTO0M""}],""classifications"":[]}",rizqipangestu@mail.ugm.ac.id,Cutter,1616057817000,1616057886000,19.694,IMG20210317212025.jpg,-1,-1,,,dataset_cutter,[],https://editor.labelbox.com?project=ckmeapslvgj800731ykk3egdk&label=ckmen3kos00133069b01gh4dc,0
ckmen3wfo001630697wv2irgg,ckmehi5hx0tnw0rdpf4uo4y1f,https://storage.labelbox.com/ckmeafy6i091u08483ooycubu%2F43a45400-a5bd-5a67-6583-6d8da79ba0e9-IMG20210317211727.jpg?Expires=1617267586941&KeyName=labelbox-assets-key-1&Signature=FN5Zuq439-pWY2SEcOw0C_4jyFc,"{""objects"":[{""featureId"":""ckmen3lry00143069y62ez3fb"",""schemaId"":""ckmehlqhb0a6j0y7e82wedgkf"",""title"":""cutter"",""value"":""cutter"",""color"":""#1CE6FF"",""instanceURI"":""https://api.labelbox.com/masks/feature/ckmen3lry00143069y62ez3fb?token=eyJhbGciOiJIUzI1NiIsInR5cCI6IkpXVCJ9.eyJ1c2VySWQiOiJja21lYWZ5NnlwNDFzMDc4OW44bnJvcndnIiwib3JnYW5pemF0aW9uSWQiOiJja21lYWZ5NmkwOTF1MDg0ODNvb3ljdWJ1IiwiaWF0IjoxNjE2MDU3OTg2LCJleHAiOjE2MTg2NDk5ODZ9.BKmAPK55MtbHBZAgqmEBrlfq57CsDHRMLPrdtiYTO0M""}],""classifications"":[]}",rizqipangestu@mail.ugm.ac.id,Cutter,1616057833000,1616057887371,11.147,IMG20210317211727.jpg,,-1,,,dataset_cutter,[],https://editor.labelbox.com?project=ckmeapslvgj800731ykk3egdk&label=ckmen3wfo001630697wv2irgg,0
ckmen49cp00193069vwg2lh7k,ckmehi5hy0trg0rdpf06c57ql,https://storage.labelbox.com/ckmeafy6i091u08483ooycubu%2F26f626d0-22cb-cd75-1606-bcc92dc0a77a-IMG20210317212041.jpg?Expires=1617267586941&KeyName=labelbox-assets-key-1&Signature=Ub93gl0aOdLeVFao30ozmpyAbRE,"{""objects"":[{""featureId"":""ckmen3yyp001730697grszp0q"",""schemaId"":""ckmehlqhb0a6j0y7e82wedgkf"",""title"":""cutter"",""value"":""cutter"",""color"":""#1CE6FF"",""instanceURI"":""https://api.labelbox.com/masks/feature/ckmen3yyp001730697grszp0q?token=eyJhbGciOiJIUzI1NiIsInR5cCI6IkpXVCJ9.eyJ1c2VySWQiOiJja21lYWZ5NnlwNDFzMDc4OW44bnJvcndnIiwib3JnYW5pemF0aW9uSWQiOiJja21lYWZ5NmkwOTF1MDg0ODNvb3ljdWJ1IiwiaWF0IjoxNjE2MDU3OTg2LCJleHAiOjE2MTg2NDk5ODZ9.BKmAPK55MtbHBZAgqmEBrlfq57CsDHRMLPrdtiYTO0M""}],""classifications"":[]}",rizqipangestu@mail.ugm.ac.id,Cutter,1616057851000,1616057890000,17.358999999999998,IMG20210317212041.jpg,-1,-1,,,dataset_cutter,[],https://editor.labelbox.com?project=ckmeapslvgj800731ykk3egdk&label=ckmen49cp00193069vwg2lh7k,0
ckmen4kjl001c3069r2upyrn0,ckmehi5hx0to80rdp9ea8d7zn,https://storage.labelbox.com/ckmeafy6i091u08483ooycubu%2F8d87e969-de3a-3198-a80f-b35f5b824b3e-IMG20210317211737.jpg?Expires=1617267586942&KeyName=labelbox-assets-key-1&Signature=lTvR-sqV2uqkyjsDV6LsA_C8y2s,"{""objects"":[{""featureId"":""ckmen4bu1001a30695wt9ahfe"",""schemaId"":""ckmehlqhb0a6j0y7e82wedgkf"",""title"":""cutter"",""value"":""cutter"",""color"":""#1CE6FF"",""instanceURI"":""https://api.labelbox.com/masks/feature/ckmen4bu1001a30695wt9ahfe?token=eyJhbGciOiJIUzI1NiIsInR5cCI6IkpXVCJ9.eyJ1c2VySWQiOiJja21lYWZ5NnlwNDFzMDc4OW44bnJvcndnIiwib3JnYW5pemF0aW9uSWQiOiJja21lYWZ5NmkwOTF1MDg0ODNvb3ljdWJ1IiwiaWF0IjoxNjE2MDU3OTg2LCJleHAiOjE2MTg2NDk5ODZ9.BKmAPK55MtbHBZAgqmEBrlfq57CsDHRMLPrdtiYTO0M""}],""classifications"":[]}",rizqipangestu@mail.ugm.ac.id,Cutter,1616057864000,1616057891163,12.462,IMG20210317211737.jpg,,-1,,,dataset_cutter,[],https://editor.labelbox.com?project=ckmeapslvgj800731ykk3egdk&label=ckmen4kjl001c3069r2upyrn0,0
ckmen52bf001f3069obhmqw97,ckmehi5hy0trs0rdp4ty0evr6,https://storage.labelbox.com/ckmeafy6i091u08483ooycubu%2F1a585ab3-57e8-d236-6e54-9aee9cc69721-IMG20210317212102.jpg?Expires=1617267586942&KeyName=labelbox-assets-key-1&Signature=-XWiZGKFXrdWKqq9RDPxbFAKKqY,"{""objects"":[{""featureId"":""ckmen4msm001d3069fkldhhze"",""schemaId"":""ckmehlqhb0a6j0y7e82wedgkf"",""title"":""cutter"",""value"":""cutter"",""color"":""#1CE6FF"",""instanceURI"":""https://api.labelbox.com/masks/feature/ckmen4msm001d3069fkldhhze?token=eyJhbGciOiJIUzI1NiIsInR5cCI6IkpXVCJ9.eyJ1c2VySWQiOiJja21lYWZ5NnlwNDFzMDc4OW44bnJvcndnIiwib3JnYW5pemF0aW9uSWQiOiJja21lYWZ5NmkwOTF1MDg0ODNvb3ljdWJ1IiwiaWF0IjoxNjE2MDU3OTg2LCJleHAiOjE2MTg2NDk5ODZ9.BKmAPK55MtbHBZAgqmEBrlfq57CsDHRMLPrdtiYTO0M""}],""classifications"":[]}",rizqipangestu@mail.ugm.ac.id,Cutter,1616057887000,1616057888000,15.485000000000001,IMG20210317212102.jpg,-1,-1,,,dataset_cutter,[],https://editor.labelbox.com?project=ckmeapslvgj800731ykk3egdk&label=ckmen52bf001f3069obhmqw97,0
ckmen5mg5001i3069ccqjcfyl,ckmehi5hx0tok0rdp4yx90tth,https://storage.labelbox.com/ckmeafy6i091u08483ooycubu%2F3119444d-3ff3-b34e-726c-3add9487fbcb-IMG20210317211744.jpg?Expires=1617267586942&KeyName=labelbox-assets-key-1&Signature=zR_Gm5Wd3rNWBMcdZlt9qa6AesU,"{""objects"":[{""featureId"":""ckmen53ru001g3069lfvpljat"",""schemaId"":""ckmehlqhb0a6j0y7e82wedgkf"",""title"":""cutter"",""value"":""cutter"",""color"":""#1CE6FF"",""instanceURI"":""https://api.labelbox.com/masks/feature/ckmen53ru001g3069lfvpljat?token=eyJhbGciOiJIUzI1NiIsInR5cCI6IkpXVCJ9.eyJ1c2VySWQiOiJja21lYWZ5NnlwNDFzMDc4OW44bnJvcndnIiwib3JnYW5pemF0aW9uSWQiOiJja21lYWZ5NmkwOTF1MDg0ODNvb3ljdWJ1IiwiaWF0IjoxNjE2MDU3OTg2LCJleHAiOjE2MTg2NDk5ODZ9.BKmAPK55MtbHBZAgqmEBrlfq57CsDHRMLPrdtiYTO0M""}],""classifications"":[]}",rizqipangestu@mail.ugm.ac.id,Cutter,1616057913000,1616057914000,28.667,IMG20210317211744.jpg,-1,-1,,,dataset_cutter,[],https://editor.labelbox.com?project=ckmeapslvgj800731ykk3egdk&label=ckmen5mg5001i3069ccqjcfyl,0
ckmen5xf1001l3069eajdpori,ckmehi5hx0tow0rdp39xv5dk6,https://storage.labelbox.com/ckmeafy6i091u08483ooycubu%2Fbf22c9c1-9f76-5024-aea3-2926bdcfb02a-IMG20210317211752.jpg?Expires=1617267586944&KeyName=labelbox-assets-key-1&Signature=UQ5j68nr3T1RoS5EoswrnD_ItuM,"{""objects"":[{""featureId"":""ckmen5ojm001j306961bm80q2"",""schemaId"":""ckmehlqhb0a6j0y7e82wedgkf"",""title"":""cutter"",""value"":""cutter"",""color"":""#1CE6FF"",""instanceURI"":""https://api.labelbox.com/masks/feature/ckmen5ojm001j306961bm80q2?token=eyJhbGciOiJIUzI1NiIsInR5cCI6IkpXVCJ9.eyJ1c2VySWQiOiJja21lYWZ5NnlwNDFzMDc4OW44bnJvcndnIiwib3JnYW5pemF0aW9uSWQiOiJja21lYWZ5NmkwOTF1MDg0ODNvb3ljdWJ1IiwiaWF0IjoxNjE2MDU3OTg2LCJleHAiOjE2MTg2NDk5ODZ9.BKmAPK55MtbHBZAgqmEBrlfq57CsDHRMLPrdtiYTO0M""}],""classifications"":[]}",rizqipangestu@mail.ugm.ac.id,Cutter,1616057927000,1616057928000,10.006,IMG20210317211752.jpg,-1,-1,,,dataset_cutter,[],https://editor.labelbox.com?project=ckmeapslvgj800731ykk3egdk&label=ckmen5xf1001l3069eajdpori,0
